arrival_orders,box_numbers,horse_numbers,horse_names,horse_ids,horse_sexes,horse_ages,jockey_weights,jockey_names,goal_times,goal_margins,order_transitions,half_times,odds,popularities,horse_weights,horse_weight_diffs,trainer_names,horse_owners,earn_prizes,name,race_number,course_type,course_direction,course_length,weather,course_condition,race_start_time,held_date,held_place,held_number,held_date_number,explanation
1,4,6,カンパリフレイバー,2018103025,牝,3,54,和田譲治,1:29.6,,1-1-1,39.2,3.1,1,480,+11,[地]月岡健二,尾田信夫,220.0,3歳　選抜牝馬,1,ダ,右,1400,曇,良,10:40,2021年1月18日,大井,16,1,68万円未満(別定)
2,3,4,コゼンツァ,2018104892,牝,3,54,御神本訓,1:30.8,6,5-4-3,40.0,3.7,3,392,-2,[地]森下淳平,（有）辻牧場,88.0,3歳　選抜牝馬,1,ダ,右,1400,曇,良,10:40,2021年1月18日,大井,16,1,68万円未満(別定)
3,7,11,シングンキャンディ,2018100358,牝,3,54,藤田凌,1:31.4,3,2-2-2,40.9,38.7,9,432,0,[地]三坂盛雄,伊坂重憲,55.0,3歳　選抜牝馬,1,ダ,右,1400,曇,良,10:40,2021年1月18日,大井,16,1,68万円未満(別定)
4,5,7,レッドアゲイン,2018102098,牝,3,54,服部茂史,1:31.5,1/2,6-8-8,39.9,37.1,8,428,-1,[地]三坂盛雄,田村彰夫,33.0,3歳　選抜牝馬,1,ダ,右,1400,曇,良,10:40,2021年1月18日,大井,16,1,68万円未満(別定)
5,6,9,ラストリスリン,2018103509,牝,3,54,千田洋,1:31.6,クビ,9-10-10,39.9,13.4,6,419,-6,[地]柏木一夫,榊原浩一,22.0,3歳　選抜牝馬,1,ダ,右,1400,曇,良,10:40,2021年1月18日,大井,16,1,68万円未満(別定)
6,5,8,ソウウンオーロラ,2018106863,牝,3,54,瀬川将輝,1:32.3,3.1/2,12-12-12,39.8,164.0,12,436,-7,[地]宮浦正行,服部新平,,3歳　選抜牝馬,1,ダ,右,1400,曇,良,10:40,2021年1月18日,大井,16,1,68万円未満(別定)
7,4,5,リファーブル,2018100800,牝,3,54,小林拓未,1:32.4,クビ,11-7-7,41.0,12.0,5,412,+1,[地]柏木一夫,鈴木昭,,3歳　選抜牝馬,1,ダ,右,1400,曇,良,10:40,2021年1月18日,大井,16,1,68万円未満(別定)
8,8,14,メリーミー,2018101159,牝,3,54,中村尚平,1:32.7,1.3/4,7-6-5,41.5,28.6,7,455,+1,[地]寺田新太,長橋賢吾,,3歳　選抜牝馬,1,ダ,右,1400,曇,良,10:40,2021年1月18日,大井,16,1,68万円未満(別定)
9,6,10,ブリランテイモン,2018102828,牝,3,54,吉原寛人,1:32.7,アタマ,8-9-9,41.0,3.5,2,460,+13,[地]佐宗応和,井門敏雄,,3歳　選抜牝馬,1,ダ,右,1400,曇,良,10:40,2021年1月18日,大井,16,1,68万円未満(別定)
10,8,13,キンカイユキ,2018104490,牝,3,54,達城龍次,1:32.8,クビ,4-5-6,41.9,10.3,4,458,0,[地]佐野謙二,竹原孝昭,,3歳　選抜牝馬,1,ダ,右,1400,曇,良,10:40,2021年1月18日,大井,16,1,68万円未満(別定)
11,1,1,エムオーゴールド,2018101150,牝,3,54,安藤洋一,1:33.0,1,10-11-11,40.7,53.0,10,467,-4,[地]堀江仁,大浅貢,,3歳　選抜牝馬,1,ダ,右,1400,曇,良,10:40,2021年1月18日,大井,16,1,68万円未満(別定)
12,7,12,プラサート,2018106234,牝,3,54,有年淳,1:34.2,6,3-3-4,43.5,100.9,11,497,+3,[地]井上弘之,（有）谷川牧場,,3歳　選抜牝馬,1,ダ,右,1400,曇,良,10:40,2021年1月18日,大井,16,1,68万円未満(別定)
13,2,2,レヴェイユ,2018100344,牝,3,54,石川駿介,1:34.2,アタマ,13-13-13,41.6,228.6,13,476,-14,[地]中道啓二,伊達泰明,,3歳　選抜牝馬,1,ダ,右,1400,曇,良,10:40,2021年1月18日,大井,16,1,68万円未満(別定)
取,3,3,マロンシャンティ,2018101441,牝,3,54,藤田凌,,,,,---,,,,[地]小野寺晋,阿部耕三,,3歳　選抜牝馬,1,ダ,右,1400,曇,良,10:40,2021年1月18日,大井,16,1,68万円未満(別定)
1,3,4,ムンダーナ,2018101678,牝,3,54,石川駿介,1:16.4,,9-7,39.1,9.0,4,447,0,[地]鈴木啓之,長浜和也,220.0,3歳　選抜牝馬,2,ダ,右,1200,曇,良,11:10,2021年1月18日,大井,16,1,68万円未満(別定)
2,1,1,シニスターシックス,2018103595,牝,3,54,吉原寛人,1:16.4,ハナ,7-4,39.4,2.6,1,397,+10,[地]大宮和也,北原大史,88.0,3歳　選抜牝馬,2,ダ,右,1200,曇,良,11:10,2021年1月18日,大井,16,1,68万円未満(別定)
3,5,7,スモモモモモモモモ,2018105794,牝,3,54,服部茂史,1:16.9,2.1/2,11-12,39.1,19.5,8,415,-5,[地]櫻木英喜,井上久光,55.0,3歳　選抜牝馬,2,ダ,右,1200,曇,良,11:10,2021年1月18日,大井,16,1,68万円未満(別定)
4,6,10,ネイティブ,2018100198,牝,3,54,安藤洋一,1:16.9,クビ,13-13,38.7,25.2,9,430,-2,[地]堀江仁,（株）ローレン,33.0,3歳　選抜牝馬,2,ダ,右,1200,曇,良,11:10,2021年1月18日,大井,16,1,68万円未満(別定)
5,7,11,サルディーナ,2018106850,牝,3,52,篠谷葵,1:17.2,1.1/2,5-5,40.2,8.2,3,422,-2,[地]朝倉実,（株）ＭＭＣ,22.0,3歳　選抜牝馬,2,ダ,右,1200,曇,良,11:10,2021年1月18日,大井,16,1,68万円未満(別定)
6,5,8,マイプレジャー,2018100143,牝,3,54,達城龍次,1:17.4,1,8-9,40.2,12.4,6,444,-5,[地]三坂盛雄,沖田正憲,,3歳　選抜牝馬,2,ダ,右,1200,曇,良,11:10,2021年1月18日,大井,16,1,68万円未満(別定)
7,8,13,ニュードロップオフ,2018102720,牝,3,54,藤田凌,1:17.7,1.3/4,3-3,41.0,11.8,5,452,-8,[地]福田真広,前田良平,,3歳　選抜牝馬,2,ダ,右,1200,曇,良,11:10,2021年1月18日,大井,16,1,68万円未満(別定)
8,4,6,バジガクシェリール,2018100787,牝,3,54,小林拓未,1:17.8,1/2,12-10,40.0,108.0,12,357,0,[地]久保田信,（株）馬事学院,,3歳　選抜牝馬,2,ダ,右,1200,曇,良,11:10,2021年1月18日,大井,16,1,68万円未満(別定)
9,8,14,ラバテラクロス,2018101229,牝,3,54,本村直樹,1:18.1,1.1/2,4-8,41.1,16.2,7,448,-12,[地]高岩孝敏,本田廣一,,3歳　選抜牝馬,2,ダ,右,1200,曇,良,11:10,2021年1月18日,大井,16,1,68万円未満(別定)
10,3,3,ハッピーヘイロー,2018104493,牝,3,54,小杉亮,1:18.1,クビ,2-2,41.5,3.7,2,451,0,[地]米田英世,谷岡真喜,,3歳　選抜牝馬,2,ダ,右,1200,曇,良,11:10,2021年1月18日,大井,16,1,68万円未満(別定)
11,2,2,フォルベア,2018101650,牝,3,54,張田昂,1:18.4,1.1/2,1-1,41.8,34.1,10,450,+4,[地]市村誠,八嶋長久,,3歳　選抜牝馬,2,ダ,右,1200,曇,良,11:10,2021年1月18日,大井,16,1,68万円未満(別定)
12,6,9,ライジェルラブリー,2018101269,牝,3,54,柴田勇真,1:19.5,5,10-11,42.0,69.2,11,423,-6,[地]小野寺晋,内海雅之,,3歳　選抜牝馬,2,ダ,右,1200,曇,良,11:10,2021年1月18日,大井,16,1,68万円未満(別定)
13,7,12,マルカンデイジー,2018102141,牝,3,54,有年淳,1:19.9,2,14-14,41.5,200.2,13,452,+1,[地]佐々木洋,斉藤勘介,,3歳　選抜牝馬,2,ダ,右,1200,曇,良,11:10,2021年1月18日,大井,16,1,68万円未満(別定)
14,4,5,エスプリジャスミン,2018100083,牝,3,54,福原杏,1:20.0,1/2,5-5,43.0,225.9,14,444,+5,[地]澤佳宏,依田泰雄,,3歳　選抜牝馬,2,ダ,右,1200,曇,良,11:10,2021年1月18日,大井,16,1,68万円未満(別定)
1,5,8,ビクトリーカノン,2018100321,牡,3,56,藤田凌,1:16.0,,1-1,38.7,58.3,12,483,-4,[地]福田真広,中地賢次郎,220.0,3歳　40万円,3,ダ,右,1200,曇,良,11:40,2021年1月18日,大井,16,1,40万円未満(別定)
2,7,11,カズノジャンボ,2018102088,牡,3,56,和田譲治,1:16.6,3,3-3,39.1,5.8,2,519,-5,[地]納谷和玖,鈴木可一,88.0,3歳　40万円,3,ダ,右,1200,曇,良,11:40,2021年1月18日,大井,16,1,40万円未満(別定)
3,4,5,バルバトス,2018106657,牡,3,56,川島正太,1:17.1,2.1/2,6-6,39.3,13.9,4,511,+5,[地]辻野豊,田頭勇貴,55.0,3歳　40万円,3,ダ,右,1200,曇,良,11:40,2021年1月18日,大井,16,1,40万円未満(別定)
4,3,4,モンサンカドリーユ,2018100372,牡,3,56,藤本現暉,1:17.2,1/2,4-4,39.7,44.9,8,455,-2,[地]宗形竹見,山下新一,33.0,3歳　40万円,3,ダ,右,1200,曇,良,11:40,2021年1月18日,大井,16,1,40万円未満(別定)
5,5,7,ブラントン,2018100061,牡,3,56,笹川翼,1:17.4,1.1/4,10-9,39.4,1.6,1,461,-8,[地]森下淳平,鈴木雅俊,22.0,3歳　40万円,3,ダ,右,1200,曇,良,11:40,2021年1月18日,大井,16,1,40万円未満(別定)
6,1,1,ゲパルド,2018106564,牡,3,56,達城龍次,1:17.5,クビ,9-7,39.6,7.1,3,450,-11,[地]吉井竜一,玉腰勇吉,,3歳　40万円,3,ダ,右,1200,曇,良,11:40,2021年1月18日,大井,16,1,40万円未満(別定)
7,2,2,デンショウロイヤル,2018106859,牡,3,56,遠藤健太,1:17.8,1.1/2,14-13,39.1,18.6,5,480,-1,[地]遠藤茂,田代正博,,3歳　40万円,3,ダ,右,1200,曇,良,11:40,2021年1月18日,大井,16,1,40万円未満(別定)
8,4,6,トノカンショウ,2018106725,牡,3,56,吉井章,1:17.8,クビ,13-14,39.3,51.4,9,500,+4,[地]宮浦正行,（株）ピーケア,,3歳　40万円,3,ダ,右,1200,曇,良,11:40,2021年1月18日,大井,16,1,40万円未満(別定)
9,7,12,マウンテンスワロー,2018106465,セ,3,54,篠谷葵,1:18.1,1.1/2,2-2,40.7,89.1,13,453,+9,[地]朝倉実,蛭川年明,,3歳　40万円,3,ダ,右,1200,曇,良,11:40,2021年1月18日,大井,16,1,40万円未満(別定)
10,8,14,フォルギンジ,2018103572,牡,3,56,服部茂史,1:18.2,1/2,5-5,40.6,27.5,7,434,-7,[地]宮浦正行,八嶋長久,,3歳　40万円,3,ダ,右,1200,曇,良,11:40,2021年1月18日,大井,16,1,40万円未満(別定)
11,6,9,ネオイレブン,2018106741,セ,3,55,仲原大生,1:18.4,1.1/4,11-11,40.2,166.0,14,462,+1,[地]米田英世,西田俊二,,3歳　40万円,3,ダ,右,1200,曇,良,11:40,2021年1月18日,大井,16,1,40万円未満(別定)
12,8,13,ブラウンフェラン,2018106034,牡,3,56,張田昂,1:18.5,1/2,7-8,40.6,24.6,6,471,-4,[地]阪本一栄,小島學,,3歳　40万円,3,ダ,右,1200,曇,良,11:40,2021年1月18日,大井,16,1,40万円未満(別定)
13,3,3,クニノキセキ,2018103235,牡,3,56,今野忠成,1:19.0,2.1/2,12-12,40.7,52.6,11,482,-11,[地]渡辺和雄,国田正忠,,3歳　40万円,3,ダ,右,1200,曇,良,11:40,2021年1月18日,大井,16,1,40万円未満(別定)
14,6,10,ローリングソバット,2018103013,牡,3,56,柴田勇真,1:19.1,1/2,8-10,41.2,52.1,10,478,+12,[地]堀千亜樹,（株）Ｔ．Ｕ．Ｋ．,,3歳　40万円,3,ダ,右,1200,曇,良,11:40,2021年1月18日,大井,16,1,40万円未満(別定)
1,8,10,ジャニスバローズ,2018103761,牝,3,54,笹川翼,1:14.5,,1-1,37.5,1.3,1,458,0,[地]森下淳平,猪熊広次,280.0,3歳　新馬,4,ダ,右,1200,曇,良,12:10,2021年1月18日,大井,16,1,(別定)
2,1,1,タワーズアドリーム,2018102507,牡,3,56,吉原寛人,1:15.7,6,8-7,37.7,7.7,3,483,0,[地]澤佳宏,（株）高野産業,112.0,3歳　新馬,4,ダ,右,1200,曇,良,12:10,2021年1月18日,大井,16,1,(別定)
3,4,4,デイムコマンダー,2018101014,牝,3,54,本田正重,1:16.2,2.1/2,3-3,38.9,5.5,2,473,0,[地]森下淳平,（株）オリオンファ,70.0,3歳　新馬,4,ダ,右,1200,曇,良,12:10,2021年1月18日,大井,16,1,(別定)
4,2,2,ベジタブルストア,2018109049,セ,3,56,藤本現暉,1:16.3,1/2,4-4,38.9,12.2,4,457,0,[地]庄子昭彦,酒井孝敏,42.0,3歳　新馬,4,ダ,右,1200,曇,良,12:10,2021年1月18日,大井,16,1,(別定)
5,7,8,ラウンドブーケ,2018100085,牝,3,54,高野誠毅,1:17.7,7,7-7,39.9,44.8,7,462,0,[地]藤村和生,宮本昌彦,28.0,3歳　新馬,4,ダ,右,1200,曇,良,12:10,2021年1月18日,大井,16,1,(別定)
6,3,3,グリントフラッター,2018105980,牡,3,56,福原杏,1:17.9,1.1/4,9-9,39.6,32.4,6,474,0,[地]澤佳宏,天堀忠博,,3歳　新馬,4,ダ,右,1200,曇,良,12:10,2021年1月18日,大井,16,1,(別定)
7,7,7,エコロサンダー,2018103526,牡,3,56,今野忠成,1:18.5,3,5-5,41.0,24.0,5,489,0,[地]立花伸,原村正紀,,3歳　新馬,4,ダ,右,1200,曇,良,12:10,2021年1月18日,大井,16,1,(別定)
8,8,9,ミカファンギン,2018100201,牝,3,54,山崎良,1:18.6,1/2,2-2,41.5,85.2,10,430,0,[地]橋本和馬,高田勇三,,3歳　新馬,4,ダ,右,1200,曇,良,12:10,2021年1月18日,大井,16,1,(別定)
9,5,5,ヒストリー,2018103940,牡,3,56,中村尚平,1:18.8,1.1/4,6-6,41.2,57.1,8,467,0,[地]庄子昭彦,佐藤良男,,3歳　新馬,4,ダ,右,1200,曇,良,12:10,2021年1月18日,大井,16,1,(別定)
10,6,6,ケイアイタイム,2018103816,セ,3,56,安藤洋一,1:22.0,大,10-10,42.5,66.7,9,516,0,[地]立花伸,亀田和弘,,3歳　新馬,4,ダ,右,1200,曇,良,12:10,2021年1月18日,大井,16,1,(別定)
1,5,7,キタノユニヴァース,2017103033,牡,4,56,笹川翼,1:43.1,,1-1-1-1,39.5,2.5,1,505,-1,[地]佐野謙二,シグラップ・マネジメ,80.0,C3九　十,5,ダ,右,1600,晴,良,12:40,2021年1月18日,大井,16,1,(別定)
2,2,2,エルスネル,2017105107,牡,4,56,森泰斗,1:43.6,2.1/2,3-4-3-3,39.6,4.1,2,439,+5,[地]市村誠,八嶋長久,32.0,C3九　十,5,ダ,右,1600,晴,良,12:40,2021年1月18日,大井,16,1,(別定)
3,6,9,サーブルルミエール,2017102274,牡,4,56,達城龍次,1:43.6,クビ,2-2-2-2,39.9,7.1,4,454,-6,[地]栗田裕光,鶴谷義雄,20.0,C3九　十,5,ダ,右,1600,晴,良,12:40,2021年1月18日,大井,16,1,(別定)
4,1,1,ユーシオ,2017102711,牡,4,56,藤本現暉,1:44.0,2,6-6-5-5,39.6,17.6,6,459,+7,[地]村上頼章,北浦博樹,12.0,C3九　十,5,ダ,右,1600,晴,良,12:40,2021年1月18日,大井,16,1,(別定)
5,3,4,ストームフレイバー,2014100526,牡,7,56,吉井章,1:44.1,1/2,8-8-7-6,39.4,18.2,7,485,+1,[地]月岡健二,尾田信夫,8.0,C3九　十,5,ダ,右,1600,晴,良,12:40,2021年1月18日,大井,16,1,(別定)
6,4,5,ラグラシオーサ,2017110032,牡,4,56,和田譲治,1:44.7,3,4-3-4-4,41.0,8.3,5,532,-3,[地]藤田輝信,ゴドルフィン,,C3九　十,5,ダ,右,1600,晴,良,12:40,2021年1月18日,大井,16,1,(別定)
7,8,14,リバーサルフィルム,2014106096,牡,7,56,江里口裕,1:45.0,1.1/2,10-10-10-8,39.9,54.0,10,510,+2,[地]小野寺晋,大塚謹吾,,C3九　十,5,ダ,右,1600,晴,良,12:40,2021年1月18日,大井,16,1,(別定)
8,7,12,フィアレススマイル,2017102135,牡,4,56,瀬川将輝,1:45.6,3,9-7-9-9,41.0,48.2,9,465,+5,[地]月岡健二,佐々木雄二,,C3九　十,5,ダ,右,1600,晴,良,12:40,2021年1月18日,大井,16,1,(別定)
9,4,6,トゥインクルノヴァ,2017104458,セ,4,56,服部茂史,1:45.6,クビ,12-12-11-10,40.7,40.5,8,435,0,[地]鷹見浩,中山博,,C3九　十,5,ダ,右,1600,晴,良,12:40,2021年1月18日,大井,16,1,(別定)
10,5,8,メイショウガロンヌ,2017106412,牡,4,56,吉原寛人,1:46.2,3,11-11-6-7,42.0,5.8,3,483,-14,[地]蛯名雄太,（株）ファーストビ,,C3九　十,5,ダ,右,1600,晴,良,12:40,2021年1月18日,大井,16,1,(別定)
11,8,13,ヤマジュンヒルズ,2017102993,牡,4,56,石川駿介,1:47.8,8,14-14-13-13,40.4,212.0,13,428,0,[地]岡野尚光,山下洵一郎,,C3九　十,5,ダ,右,1600,晴,良,12:40,2021年1月18日,大井,16,1,(別定)
12,7,11,アサキオトカ,2017100719,牝,4,54,福原杏,1:47.8,クビ,7-9-12-12,42.5,271.9,14,414,+9,[地]澤佳宏,杉野森正也,,C3九　十,5,ダ,右,1600,晴,良,12:40,2021年1月18日,大井,16,1,(別定)
13,3,3,フタバドリーム,2017101653,牡,4,55,仲原大生,1:47.9,1/2,5-5-8-11,43.5,181.6,12,468,+13,[地]納谷和玖,小川一夫,,C3九　十,5,ダ,右,1600,晴,良,12:40,2021年1月18日,大井,16,1,(別定)
14,6,10,プティバレッタ,2017104436,牝,4,54,小林拓未,1:49.5,8,13-13-14-14,42.4,177.3,11,440,-3,[地]岡野尚光,（有）富士ファーム,,C3九　十,5,ダ,右,1600,晴,良,12:40,2021年1月18日,大井,16,1,(別定)
1,2,4,マウンテンホーク,2017106580,牡,4,56,安藤洋一,1:14.8,,5-3,37.9,3.1,2,505,0,[地]藤田輝信,ゴドルフィン,80.0,C3九　十,6,ダ,右,1200,晴,良,13:15,2021年1月18日,大井,16,1,(別定)
2,1,1,フォレストプリンス,2016104041,牡,5,56,森泰斗,1:14.9,3/4,1-1,38.3,1.5,1,497,+7,[地]森下淳平,国田正忠,32.0,C3九　十,6,ダ,右,1200,晴,良,13:15,2021年1月18日,大井,16,1,(別定)
3,3,6,ジュエルバローズ,2017106174,牝,4,54,張田昂,1:16.9,10,9-8,39.4,51.8,7,385,-8,[地]田中正人,篠原徹,20.0,C3九　十,6,ダ,右,1200,晴,良,13:15,2021年1月18日,大井,16,1,(別定)
4,3,5,カナラズクル,2017104854,牝,4,54,有年淳,1:16.9,アタマ,7-5,39.7,57.1,8,443,0,[地]納谷和玖,欠畑圭一,12.0,C3九　十,6,ダ,右,1200,晴,良,13:15,2021年1月18日,大井,16,1,(別定)
5,2,3,カリーナブルー,2017105934,牝,4,54,小林拓未,1:17.3,2,11-10,39.4,131.2,11,404,-9,[地]岡野尚光,山下晃徳,8.0,C3九　十,6,ダ,右,1200,晴,良,13:15,2021年1月18日,大井,16,1,(別定)
6,5,10,ハイロックスター,2017100330,セ,4,56,中村尚平,1:17.3,アタマ,12-12,39.1,25.5,4,456,-1,[地]高岩孝敏,井上久光,,C3九　十,6,ダ,右,1200,晴,良,13:15,2021年1月18日,大井,16,1,(別定)
7,7,13,コーゲンサイモン,2017106268,セ,4,56,瀬川将輝,1:17.6,1.3/4,4-3,40.7,168.7,12,450,+2,[地]井上弘之,（株）光元コーポレ,,C3九　十,6,ダ,右,1200,晴,良,13:15,2021年1月18日,大井,16,1,(別定)
8,6,11,ネオジョーダン,2017105685,牡,4,56,濱田達也,1:17.8,3/4,8-9,40.3,39.2,5,480,+7,[地]柏木一夫,（株）馬事学院,,C3九　十,6,ダ,右,1200,晴,良,13:15,2021年1月18日,大井,16,1,(別定)
9,8,15,ドリームノーティス,2016105899,牝,5,54,松崎正泰,1:18.0,3/4,13-13,39.4,50.2,6,417,+2,[地]佐藤壽,酒井孝敏,,C3九　十,6,ダ,右,1200,晴,良,13:15,2021年1月18日,大井,16,1,(別定)
10,6,12,トキノミライ,2017106740,牝,4,54,本村直樹,1:18.3,1.1/2,6-7,41.2,116.1,10,441,+16,[地]高岩孝敏,榊原勝好,,C3九　十,6,ダ,右,1200,晴,良,13:15,2021年1月18日,大井,16,1,(別定)
11,4,7,ラムレットキス,2017101406,牝,4,54,今野忠成,1:18.7,2,10-11,41.1,300.6,14,383,0,[地]渡部則夫,多治見国壽,,C3九　十,6,ダ,右,1200,晴,良,13:15,2021年1月18日,大井,16,1,(別定)
12,5,9,モンテサーナ,2017106628,牝,4,52,篠谷葵,1:18.7,ハナ,2-2,42.0,111.8,9,405,-2,[地]吉井竜一,勝山隆造,,C3九　十,6,ダ,右,1200,晴,良,13:15,2021年1月18日,大井,16,1,(別定)
13,4,8,マボロシ,2017104108,牝,4,54,高橋昭平,1:19.3,3,3-6,42.4,282.0,13,395,+5,[地]佐藤壽,酒井孝敏,,C3九　十,6,ダ,右,1200,晴,良,13:15,2021年1月18日,大井,16,1,(別定)
14,1,2,キタノライアン,2017104173,セ,4,56,石川駿介,1:19.8,2.1/2,14-14,38.8,7.8,3,498,-3,[地]田中正人,北所直人,,C3九　十,6,ダ,右,1200,晴,良,13:15,2021年1月18日,大井,16,1,(別定)
除,7,14,ルピンテルツォ,2017100137,牡,4,56,町田直希,,,,,---,,477,+2,[地]栗田泰昌,永山和夫,,C3九　十,6,ダ,右,1200,晴,良,13:15,2021年1月18日,大井,16,1,(別定)
取,8,16,シュトルツ,2017100824,牝,4,54,藤田凌,,,,,---,,,,[地]荒山勝徳,林正道,,C3九　十,6,ダ,右,1200,晴,良,13:15,2021年1月18日,大井,16,1,(別定)
1,2,2,ジニアズウィッシュ,2016101408,牝,5,54,江里口裕,1:42.8,,4-3-4-3,39.7,38.4,10,460,-1,[地]高橋清顕,今中俊平,100.0,C212　1314,7,ダ,右,1600,晴,良,13:50,2021年1月18日,大井,16,1,(別定)
2,3,4,カラヤン,2017100557,牡,4,56,森泰斗,1:42.9,1/2,1-1-1-1,40.1,19.8,7,491,+4,[地]松浦裕之,三岡陽,40.0,C212　1314,7,ダ,右,1600,晴,良,13:50,2021年1月18日,大井,16,1,(別定)
3,1,1,ノーブルローズ,2017103953,牝,4,54,笹川翼,1:43.5,3,8-6-5-5,40.2,5.1,3,441,-7,[地]佐野謙二,吉木伸彦,25.0,C212　1314,7,ダ,右,1600,晴,良,13:50,2021年1月18日,大井,16,1,(別定)
4,4,5,ヴィラバドラ,2015101875,牡,6,56,川島正太,1:43.9,2,12-12-12-11,39.9,4.3,2,460,+3,[地]月岡健二,池田俊道,15.0,C212　1314,7,ダ,右,1600,晴,良,13:50,2021年1月18日,大井,16,1,(別定)
5,6,9,プロスペロ,2017103386,牡,4,56,吉原寛人,1:44.1,1,2-2-2-2,41.3,5.5,4,500,+20,[地]福永敏,村上憲政,10.0,C212　1314,7,ダ,右,1600,晴,良,13:50,2021年1月18日,大井,16,1,(別定)
6,7,11,ボスアンルーリー,2015104457,牡,6,56,藤田凌,1:44.5,2,7-8-3-4,41.7,3.5,1,478,+6,[地]荒山勝徳,佐々木幸弘,,C212　1314,7,ダ,右,1600,晴,良,13:50,2021年1月18日,大井,16,1,(別定)
7,8,14,マイネルスタイル,2017101923,牡,4,56,左海誠二,1:45.0,2.1/2,11-11-8-8,41.4,38.6,11,484,+2,[地]橋本和馬,須田靖之,,C212　1314,7,ダ,右,1600,晴,良,13:50,2021年1月18日,大井,16,1,(別定)
8,6,10,ルピナスガーデン,2017102575,牝,4,54,的場文男,1:45.1,クビ,9-9-11-10,41.2,14.9,6,475,+12,[地]赤嶺本浩,（有）平野牧場,,C212　1314,7,ダ,右,1600,晴,良,13:50,2021年1月18日,大井,16,1,(別定)
9,4,6,シングンバンビーナ,2017100571,牝,4,54,柴田勇真,1:45.2,1/2,14-14-14-14,40.0,53.9,12,419,+3,[地]三坂盛雄,伊坂重憲,,C212　1314,7,ダ,右,1600,晴,良,13:50,2021年1月18日,大井,16,1,(別定)
10,3,3,ロイヤルシャイン,2015103274,牝,6,54,達城龍次,1:45.4,1.1/4,6-7-10-8,41.8,9.8,5,513,-3,[地]田中正人,永野雄介,,C212　1314,7,ダ,右,1600,晴,良,13:50,2021年1月18日,大井,16,1,(別定)
11,5,8,ベルメーリャ,2014105300,牝,7,54,本田正重,1:45.6,3/4,10-10-6-6,42.4,32.0,8,548,+12,[地]福田真広,西村健,,C212　1314,7,ダ,右,1600,晴,良,13:50,2021年1月18日,大井,16,1,(別定)
12,8,13,アナハ,2017100755,牝,4,54,遠藤健太,1:45.8,1.1/4,13-13-13-13,41.2,156.3,13,395,-12,[地]遠藤茂,（株）ファーストビ,,C212　1314,7,ダ,右,1600,晴,良,13:50,2021年1月18日,大井,16,1,(別定)
13,5,7,ロックアビリティ,2017104604,牡,4,56,藤本現暉,1:45.9,クビ,3-4-7-6,42.7,38.1,9,509,-6,[地]須田和伸,中西功,,C212　1314,7,ダ,右,1600,晴,良,13:50,2021年1月18日,大井,16,1,(別定)
14,7,12,カシノメガミ,2017100138,牝,4,54,山崎良,1:46.9,5,4-5-9-12,43.4,166.6,14,444,-1,[地]三坂盛雄,柏木務,,C212　1314,7,ダ,右,1600,晴,良,13:50,2021年1月18日,大井,16,1,(別定)
1,4,6,アタゴタイゼン,2014106540,牡,7,56,笹川翼,1:29.7,,6-3-3,38.7,3.2,2,484,-1,[地]渡部則夫,大志総合企画（株）,100.0,C212　1314,8,ダ,右,1400,晴,良,14:25,2021年1月18日,大井,16,1,(別定)
2,3,4,アルトゥーロ,2017104257,牡,4,56,松崎正泰,1:29.8,1/2,7-9-7,38.2,46.3,8,459,+15,[地]高野毅,清水敏,40.0,C212　1314,8,ダ,右,1400,晴,良,14:25,2021年1月18日,大井,16,1,(別定)
3,6,9,ツキニカリ,2017105274,牡,4,56,森泰斗,1:30.1,1.1/2,10-7-6,38.8,1.9,1,521,+6,[地]佐野謙二,杉浦和也,25.0,C212　1314,8,ダ,右,1400,晴,良,14:25,2021年1月18日,大井,16,1,(別定)
4,3,3,シーホース,2015105730,牝,6,54,千田洋,1:30.3,1.1/4,3-2-2,39.5,10.7,4,441,-7,[地]村上頼章,山地真吾,15.0,C212　1314,8,ダ,右,1400,晴,良,14:25,2021年1月18日,大井,16,1,(別定)
5,6,10,ミラキュラスシティ,2017101529,牝,4,54,吉井章,1:30.4,3/4,13-8-8,38.9,25.9,6,497,+1,[地]高橋清顕,今中俊平,10.0,C212　1314,8,ダ,右,1400,晴,良,14:25,2021年1月18日,大井,16,1,(別定)
6,5,8,ケンシャロン,2017102413,牡,4,56,有年淳,1:31.2,4,4-5-5,40.1,7.3,3,505,+4,[地]鈴木啓之,中西健,,C212　1314,8,ダ,右,1400,晴,良,14:25,2021年1月18日,大井,16,1,(別定)
7,8,14,ゴールデンルース,2017109052,牡,4,56,中村尚平,1:31.2,ハナ,10-6-9,39.9,42.5,7,470,+2,[地]村上頼章,横井快太,,C212　1314,8,ダ,右,1400,晴,良,14:25,2021年1月18日,大井,16,1,(別定)
8,1,1,セイヴェスパー,2017103145,牝,4,53,仲原大生,1:31.4,3/4,2-4-4,40.3,117.0,12,444,-12,[地]米田英世,金田成基,,C212　1314,8,ダ,右,1400,晴,良,14:25,2021年1月18日,大井,16,1,(別定)
9,8,13,デア,2017100955,牝,4,54,張田昂,1:31.6,1,14-13-10,39.7,158.3,13,428,+6,[地]市村誠,（有）トニーステー,,C212　1314,8,ダ,右,1400,晴,良,14:25,2021年1月18日,大井,16,1,(別定)
10,5,7,デイジーエール,2017106349,牝,4,54,江里口裕,1:31.7,3/4,7-12-12,39.9,50.9,9,468,+14,[地]鷹見浩,（有）内田ステーブ,,C212　1314,8,ダ,右,1400,晴,良,14:25,2021年1月18日,大井,16,1,(別定)
11,4,5,ガイノス,2016104010,牡,5,56,石川駿介,1:32.0,1.1/2,5-11-13,40.3,70.8,10,465,+3,[地]秋吉和美,西村健作,,C212　1314,8,ダ,右,1400,晴,良,14:25,2021年1月18日,大井,16,1,(別定)
12,7,11,バジガクカルミア,2017100335,牝,4,54,的場文男,1:33.1,5,9-14-14,40.9,74.9,11,407,-4,[地]赤嶺本浩,（株）馬事学院,,C212　1314,8,ダ,右,1400,晴,良,14:25,2021年1月18日,大井,16,1,(別定)
13,2,2,ゴールドシンボル,2015103827,牡,6,56,小林拓未,1:33.1,クビ,1-1-1,42.3,23.7,5,474,-1,[地]渡部則夫,岡井元憲,,C212　1314,8,ダ,右,1400,晴,良,14:25,2021年1月18日,大井,16,1,(別定)
14,7,12,エンドレスレイン,2017103139,牡,4,56,安藤洋一,1:33.2,1/2,12-10-11,41.6,190.8,14,491,-1,[地]久保杉隆,八嶋長久,,C212　1314,8,ダ,右,1400,晴,良,14:25,2021年1月18日,大井,16,1,(別定)
1,5,10,ブラックバローズ,2015105787,牡,6,56,藤田凌,1:14.8,,3-3,38.7,9.5,4,506,-1,[地]小野寺晋,冨永平太郎,100.0,C212　1314,9,ダ,右,1200,晴,良,15:00,2021年1月18日,大井,16,1,(別定)
2,6,11,コッヘル,2017103111,牡,4,56,服部茂史,1:14.9,1/2,8-8,38.3,16.7,8,481,-14,[地]渡部則夫,上野直樹,40.0,C212　1314,9,ダ,右,1200,晴,良,15:00,2021年1月18日,大井,16,1,(別定)
3,2,3,エヌティプリンス,2015105876,牡,6,55,仲原大生,1:15.0,1/2,14-9,38.2,5.3,2,471,+6,[地]柏木一夫,中田留明,25.0,C212　1314,9,ダ,右,1200,晴,良,15:00,2021年1月18日,大井,16,1,(別定)
4,6,12,タカオワンダー,2013102180,牡,8,56,吉井章,1:15.1,1/2,6-6,38.8,3.2,1,490,+7,[地]松浦裕之,櫻井龍蔵,15.0,C212　1314,9,ダ,右,1200,晴,良,15:00,2021年1月18日,大井,16,1,(別定)
5,1,2,ジツリキヤシャ,2013102863,牝,8,54,柴田勇真,1:15.1,クビ,4-4,38.8,31.1,12,471,+2,[地]小野寺晋,阿部耕三,10.0,C212　1314,9,ダ,右,1200,晴,良,15:00,2021年1月18日,大井,16,1,(別定)
6,3,6,ヒナノチョウテン,2016106561,牡,5,56,張田昂,1:15.4,1.3/4,13-10,38.6,30.6,11,456,-2,[地]市村誠,木下隆好,,C212　1314,9,ダ,右,1200,晴,良,15:00,2021年1月18日,大井,16,1,(別定)
7,1,1,ホワイトエース,2017106716,牝,4,54,和田譲治,1:15.4,ハナ,9-7,38.8,18.0,9,465,+10,[地]的場直之,栗山正,,C212　1314,9,ダ,右,1200,晴,良,15:00,2021年1月18日,大井,16,1,(別定)
8,5,9,インパクロ,2017100652,牡,4,56,福原杏,1:15.6,3/4,11-13,38.8,171.2,15,453,-6,[地]月岡健二,（同）ランニング・ク,,C212　1314,9,ダ,右,1200,晴,良,15:00,2021年1月18日,大井,16,1,(別定)
9,3,5,ボーリヴァージュ,2017101094,牝,4,54,有年淳,1:15.8,3/4,2-2,39.8,23.7,10,438,-8,[地]井上弘之,北嶋義三,,C212　1314,9,ダ,右,1200,晴,良,15:00,2021年1月18日,大井,16,1,(別定)
10,7,13,シオラパルク,2015103464,セ,6,56,東原悠善,1:15.9,クビ,9-12,39.2,16.3,7,495,+5,[地]久保田信,豊島愛子,,C212　1314,9,ダ,右,1200,晴,良,15:00,2021年1月18日,大井,16,1,(別定)
11,4,7,ファーストケリー,2017101642,セ,4,56,的場文男,1:16.0,3/4,4-5,39.7,7.4,3,527,-6,[地]上杉昌宏,高橋佑吉,,C212　1314,9,ダ,右,1200,晴,良,15:00,2021年1月18日,大井,16,1,(別定)
12,8,16,ミユキテンカヲトル,2017100651,牡,4,56,森泰斗,1:16.0,クビ,12-15,39.2,10.2,6,487,-7,[地]堀江仁,長井純一,,C212　1314,9,ダ,右,1200,晴,良,15:00,2021年1月18日,大井,16,1,(別定)
13,2,4,マドモアゼルエリー,2017103909,牝,4,54,山中悠希,1:16.1,クビ,1-1,40.2,100.3,14,464,+1,[地]栗田裕光,高岡義光,,C212　1314,9,ダ,右,1200,晴,良,15:00,2021年1月18日,大井,16,1,(別定)
14,8,15,サントマリー,2017103274,牝,4,54,松崎正泰,1:16.2,1/2,16-16,39.0,93.4,13,443,+1,[地]栗田泰昌,酒井孝敏,,C212　1314,9,ダ,右,1200,晴,良,15:00,2021年1月18日,大井,16,1,(別定)
15,7,14,マイネルグローバル,2017101974,牡,4,56,千田洋,1:16.6,2,7-11,40.2,9.6,5,479,-3,[地]村上頼章,金山幸司,,C212　1314,9,ダ,右,1200,晴,良,15:00,2021年1月18日,大井,16,1,(別定)
16,4,8,ピーチライヒ,2017103639,牝,4,52,篠谷葵,1:16.7,クビ,15-14,39.7,182.2,16,411,-9,[地]高岩孝敏,早川稔,,C212　1314,9,ダ,右,1200,晴,良,15:00,2021年1月18日,大井,16,1,(別定)
1,8,13,ブラックアロー,2015106515,牡,6,56,和田譲治,1:27.7,,2-3-2,38.5,1.6,1,499,+5,[地]的場直之,平本敏夫,300.0,雪晴賞競走 ,10,ダ,右,1400,晴,良,15:35,2021年1月18日,大井,16,1,(別定)
2,6,9,ダイリュウボーラー,2016100671,牡,5,56,笹川翼,1:28.0,1.3/4,5-5-5,38.6,8.0,4,445,+4,[地]米田英世,大野龍,120.0,雪晴賞競走 ,10,ダ,右,1400,晴,良,15:35,2021年1月18日,大井,16,1,(別定)
3,3,3,サンエイムサシ,2016103372,牡,5,56,服部茂史,1:28.1,1/2,1-1-1,39.0,18.1,5,493,-3,[地]三坂盛雄,鈴木雅俊,75.0,雪晴賞競走 ,10,ダ,右,1400,晴,良,15:35,2021年1月18日,大井,16,1,(別定)
4,6,8,メダーリアフレイム,2014110076,セ,7,56,藤田凌,1:28.1,ハナ,4-4-4,38.8,5.1,2,462,0,[地]橋本和馬,湯浅健司,45.0,雪晴賞競走 ,10,ダ,右,1400,晴,良,15:35,2021年1月18日,大井,16,1,(別定)
5,8,12,オーシャンバローズ,2017104572,牡,4,56,吉原寛人,1:28.1,アタマ,13-13-13,37.7,7.0,3,472,-1,[地]福永敏,猪熊広次,30.0,雪晴賞競走 ,10,ダ,右,1400,晴,良,15:35,2021年1月18日,大井,16,1,(別定)
6,1,1,ブラボーエイト,2015100271,牡,6,56,的場文男,1:28.2,クビ,11-9-9,38.3,64.9,9,480,0,[地]堀江仁,田部井孝夫,,雪晴賞競走 ,10,ダ,右,1400,晴,良,15:35,2021年1月18日,大井,16,1,(別定)
7,2,2,タイムロード,2015105662,牡,6,56,町田直希,1:28.4,1.1/4,6-7-7,38.7,68.5,11,485,+3,[地]荒井朋弘,鶴田稔,,雪晴賞競走 ,10,ダ,右,1400,晴,良,15:35,2021年1月18日,大井,16,1,(別定)
8,4,5,ノーブルサファイア,2014105206,牝,7,54,本田正重,1:28.7,1.1/2,8-12-12,38.6,29.5,6,452,-4,[地]月岡健二,乙訓史樹,,雪晴賞競走 ,10,ダ,右,1400,晴,良,15:35,2021年1月18日,大井,16,1,(別定)
9,7,10,セリス,2016104068,牝,5,54,増田充宏,1:28.7,アタマ,10-10-11,38.6,62.4,8,472,0,[地]朝倉実,（有）ノマ,,雪晴賞競走 ,10,ダ,右,1400,晴,良,15:35,2021年1月18日,大井,16,1,(別定)
10,7,11,オーシャンブラック,2016103508,牡,5,53,田中洸多,1:28.7,アタマ,12-11-10,38.6,244.6,13,562,-3,[地]荒井朋弘,中川浩一郎,,雪晴賞競走 ,10,ダ,右,1400,晴,良,15:35,2021年1月18日,大井,16,1,(別定)
11,5,6,チートコード,2017102289,牡,4,56,達城龍次,1:28.7,ハナ,9-6-6,39.2,89.7,12,513,-2,[地]堀千亜樹,島田明弘,,雪晴賞競走 ,10,ダ,右,1400,晴,良,15:35,2021年1月18日,大井,16,1,(別定)
12,4,4,ジョリヴィサージュ,2014103725,牝,7,54,吉井章,1:29.0,1.1/2,7-8-8,39.3,67.0,10,456,+6,[地]納谷和玖,由利一郎,,雪晴賞競走 ,10,ダ,右,1400,晴,良,15:35,2021年1月18日,大井,16,1,(別定)
13,5,7,スターリット,2016106251,牝,5,54,張田昂,1:29.0,アタマ,3-2-3,39.8,39.3,7,460,+4,[地]佐宗応和,（有）フジワラ・フ,,雪晴賞競走 ,10,ダ,右,1400,晴,良,15:35,2021年1月18日,大井,16,1,(別定)
1,4,7,エアースピーダー,2016102640,牡,5,56,服部茂史,1:55.1,,6-7-6-5,38.4,8.5,6,522,-8,[地]鈴木啓之,定蛇邦宏,340.0,ウェルカム2021賞 ,11,ダ,右,1800,晴,良,16:10,2021年1月18日,大井,16,1,(別定)
2,5,9,ミスターオーネット,2015101656,牡,6,56,笹川翼,1:55.2,3/4,9-9-9-9,38.3,6.5,2,458,+4,[地]上杉昌宏,醍醐伸之,136.0,ウェルカム2021賞 ,11,ダ,右,1800,晴,良,16:10,2021年1月18日,大井,16,1,(別定)
3,1,1,コウエイスーシェフ,2015101423,セ,6,56,保園翔也,1:55.2,クビ,4-4-4-3,38.7,11.6,8,472,+3,[地]福田真広,酒井孝敏,85.0,ウェルカム2021賞 ,11,ダ,右,1800,晴,良,16:10,2021年1月18日,大井,16,1,(別定)
4,3,5,マブイーグル,2016104144,牡,5,56,的場文男,1:55.3,1/2,12-12-12-12,37.9,31.9,10,481,-2,[地]阪本一栄,生杉学,51.0,ウェルカム2021賞 ,11,ダ,右,1800,晴,良,16:10,2021年1月18日,大井,16,1,(別定)
5,2,2,ウインアーカイヴス,2014104319,牡,7,56,御神本訓,1:55.6,1.1/2,11-11-11-10,38.4,3.7,1,511,+11,[地]辻野豊,由利一郎,34.0,ウェルカム2021賞 ,11,ダ,右,1800,晴,良,16:10,2021年1月18日,大井,16,1,(別定)
6,7,13,グリーンハイパワー,2017101859,牡,4,56,吉原寛人,1:56.0,2,8-8-7-6,39.3,6.9,3,481,+6,[地]澤佳宏,（株）ジーシーエル,,ウェルカム2021賞 ,11,ダ,右,1800,晴,良,16:10,2021年1月18日,大井,16,1,(別定)
7,3,4,ライトカラカゼ,2015105923,牡,6,56,森泰斗,1:56.1,クビ,7-6-8-8,39.4,7.8,4,477,+1,[地]久保杉隆,星野壽市,,ウェルカム2021賞 ,11,ダ,右,1800,晴,良,16:10,2021年1月18日,大井,16,1,(別定)
8,2,3,ナスノカンザン,2014109087,牡,7,56,川島正太,1:56.2,1/2,1-1-1-1,40.2,25.7,9,506,0,[地]荒山勝徳,恵比寿興業（株）,,ウェルカム2021賞 ,11,ダ,右,1800,晴,良,16:10,2021年1月18日,大井,16,1,(別定)
9,8,14,ガッツポーズ,2015103304,牡,6,56,本橋孝太,1:56.3,クビ,5-5-5-6,39.8,8.7,7,490,-2,[地]佐宗応和,菊地博,,ウェルカム2021賞 ,11,ダ,右,1800,晴,良,16:10,2021年1月18日,大井,16,1,(別定)
10,8,15,ナムラシンウチ,2014101666,牡,7,56,石崎駿,1:56.3,クビ,13-13-13-13,38.5,105.9,13,500,-4,[地]市村誠,鶴谷厚子,,ウェルカム2021賞 ,11,ダ,右,1800,晴,良,16:10,2021年1月18日,大井,16,1,(別定)
11,6,11,ゴールドカラー,2015100820,牡,6,56,藤田凌,1:56.4,1/2,3-3-3-2,40.3,8.5,5,503,+3,[地]鷹見浩,三河辰已,,ウェルカム2021賞 ,11,ダ,右,1800,晴,良,16:10,2021年1月18日,大井,16,1,(別定)
12,5,8,ボヘミアラプソディ,2016105723,牡,5,56,張田昂,1:56.4,アタマ,14-14-14-14,38.2,101.5,12,500,+2,[地]市村誠,三岡陽,,ウェルカム2021賞 ,11,ダ,右,1800,晴,良,16:10,2021年1月18日,大井,16,1,(別定)
13,6,10,キングイモン,2016102995,牡,5,56,達城龍次,1:56.6,3/4,10-10-10-11,39.5,36.5,11,471,+1,[地]佐宗応和,井門敏雄,,ウェルカム2021賞 ,11,ダ,右,1800,晴,良,16:10,2021年1月18日,大井,16,1,(別定)
14,4,6,ミラクルブラッド,2015102983,牝,6,54,瀬川将輝,1:58.7,10,2-2-2-4,42.6,148.6,14,471,+17,[地]鷹見浩,芹澤精一,,ウェルカム2021賞 ,11,ダ,右,1800,晴,良,16:10,2021年1月18日,大井,16,1,(別定)
取,7,12,マトラッセ,2015105494,牡,6,56,本田正重,,,,,---,,,,[地]須田和伸,嶋田賢,,ウェルカム2021賞 ,11,ダ,右,1800,晴,良,16:10,2021年1月18日,大井,16,1,(別定)
1,2,2,ニシノレオニダス,2017102112,牡,4,56,笹川翼,1:13.1,,7-6,37.2,2.9,2,517,-1,[地]佐宗応和,西山茂行,300.0,春隣賞競走 ,12,ダ,右,1200,晴,良,16:50,2021年1月18日,大井,16,1,(別定)
2,4,6,ルーシッドドラゴン,2016103980,牡,5,56,山崎誠士,1:13.5,2,4-3,38.0,12.3,5,504,+1,[地]福永敏,窪田康志,120.0,春隣賞競走 ,12,ダ,右,1200,晴,良,16:50,2021年1月18日,大井,16,1,(別定)
3,6,10,ウインヒストリオン,2015102739,牡,6,56,和田譲治,1:13.7,1.1/4,3-4,38.3,2.2,1,498,+19,[地]宗形竹見,（株）ウイン,75.0,春隣賞競走 ,12,ダ,右,1200,晴,良,16:50,2021年1月18日,大井,16,1,(別定)
4,5,7,センターガーネット,2017103795,牝,4,54,張田昂,1:13.7,アタマ,10-8,37.5,32.7,8,456,-11,[地]荒井朋弘,松嶋良治,45.0,春隣賞競走 ,12,ダ,右,1200,晴,良,16:50,2021年1月18日,大井,16,1,(別定)
5,8,13,プレディクト,2015106351,牡,6,56,石崎駿,1:13.8,クビ,8-9,37.8,8.3,3,500,+2,[地]佐宗応和,西田順彦,30.0,春隣賞競走 ,12,ダ,右,1200,晴,良,16:50,2021年1月18日,大井,16,1,(別定)
6,5,8,ニーケススマイル,2017103002,牡,4,56,吉原寛人,1:14.2,2,14-12,37.2,11.6,4,462,0,[地]福田真広,伊藤捷一,,春隣賞競走 ,12,ダ,右,1200,晴,良,16:50,2021年1月18日,大井,16,1,(別定)
7,3,3,グラマラススカイ,2016100066,牝,5,54,藤本現暉,1:14.2,クビ,2-2,39.0,17.8,6,460,-11,[地]的場直之,（有）内田ステーブ,,春隣賞競走 ,12,ダ,右,1200,晴,良,16:50,2021年1月18日,大井,16,1,(別定)
8,1,1,グランエスポワール,2016103750,牡,5,56,町田直希,1:14.3,1/2,1-1,39.2,67.6,9,504,-2,[地]小野寺晋,鶴田稔,,春隣賞競走 ,12,ダ,右,1200,晴,良,16:50,2021年1月18日,大井,16,1,(別定)
9,4,5,デルマヨタロウ,2012101850,牡,9,56,達城龍次,1:14.5,3/4,12-13,38.0,84.8,11,487,+2,[地]須田和伸,欠畑圭一,,春隣賞競走 ,12,ダ,右,1200,晴,良,16:50,2021年1月18日,大井,16,1,(別定)
10,3,4,マジックキー,2013105911,牝,8,54,福原杏,1:14.9,2,11-11,38.5,202.5,14,512,+10,[地]嶋田幸晴,（株）Ｔ．Ｕ．Ｋ．,,春隣賞競走 ,12,ダ,右,1200,晴,良,16:50,2021年1月18日,大井,16,1,(別定)
11,8,14,シザーハンズ,2017103470,牝,4,54,服部茂史,1:15.2,1.1/2,9-10,39.0,69.5,10,466,0,[地]櫻木英喜,村田裕子,,春隣賞競走 ,12,ダ,右,1200,晴,良,16:50,2021年1月18日,大井,16,1,(別定)
12,7,12,フェールアシュバル,2017106105,牝,4,54,保園翔也,1:15.3,1/2,5-5,39.7,99.5,12,485,+4,[地]橋本和馬,（有）日進牧場,,春隣賞競走 ,12,ダ,右,1200,晴,良,16:50,2021年1月18日,大井,16,1,(別定)
13,6,9,ホッコーシェルビー,2016102897,牡,5,56,岡村健司,1:15.4,1/2,6-7,39.6,167.2,13,513,-3,[地]松浦裕之,北幸商事（株）,,春隣賞競走 ,12,ダ,右,1200,晴,良,16:50,2021年1月18日,大井,16,1,(別定)
14,7,11,ファルーク,2017103982,セ,4,56,藤田凌,1:16.4,5,13-14,39.6,26.5,7,458,-4,[地]荒山勝徳,林正道,,春隣賞競走 ,12,ダ,右,1200,晴,良,16:50,2021年1月18日,大井,16,1,(別定)
1,6,6,サンデーライツ,2018101039,牝,3,54,筒井勇介,0:52.3,,1,38.2,9.9,5,443,+4,[地]坂口義幸,谷謙介,36.0,3歳7組,1,ダ,右,800,晴,良,10:30,2021年1月18日,名古屋,22,4,(定量)
2,4,4,ボルドーアラン,2018100364,牡,3,56,加藤誓二,0:52.6,1.1/2,4,37.6,15.5,6,483,0,[地]荒巻透,シグラップ・マネジメ,11.5,3歳7組,1,ダ,右,800,晴,良,10:30,2021年1月18日,名古屋,22,4,(定量)
3,7,7,クーネオ,2018100422,牝,3,52,木之前葵,0:52.6,ハナ,2,38.3,6.1,3,430,-6,[地]荒巻透,木村良明,6.5,3歳7組,1,ダ,右,800,晴,良,10:30,2021年1月18日,名古屋,22,4,(定量)
4,8,8,シングンジェット,2018100596,牡,3,56,横井将人,0:52.6,クビ,5,37.6,7.9,4,476,0,[地]倉地学,伊坂重憲,4.3,3歳7組,1,ダ,右,800,晴,良,10:30,2021年1月18日,名古屋,22,4,(定量)
5,3,3,エイシンヴィクター,2018105968,牡,3,56,大畑雅章,0:52.7,3/4,3,38.3,4.0,2,478,+2,[地]今津博之,平井克彦,2.9,3歳7組,1,ダ,右,800,晴,良,10:30,2021年1月18日,名古屋,22,4,(定量)
6,5,5,キヒン,2018100010,牝,3,54,藤原良一,0:53.3,3,6,38.6,39.0,7,434,-4,[地]荒巻透,和田博美,,3歳7組,1,ダ,右,800,晴,良,10:30,2021年1月18日,名古屋,22,4,(定量)
7,2,2,ゴールドリカ,2018100135,牝,3,51,細川智史,0:53.7,2,7,38.4,134.9,8,450,-8,[地]藤ヶ崎一,永山和夫,,3歳7組,1,ダ,右,800,晴,良,10:30,2021年1月18日,名古屋,22,4,(定量)
8,1,1,カッコイイ,2018102553,牡,3,56,岡部誠,0:55.0,6,8,39.0,1.9,1,493,0,[地]安部幸夫,西村清子,,3歳7組,1,ダ,右,800,晴,良,10:30,2021年1月18日,名古屋,22,4,(定量)
1,7,7,スマイルサクラ,2017101964,牝,4,52,木之前葵,1:32.8,,1-1-1,41.7,2.3,1,481,+2,[地]榎屋充,蟹江知彦,30.0,C7組,2,ダ,右,1400,晴,良,11:00,2021年1月18日,名古屋,22,4,(定量)
2,1,1,ディストワルビー,2015102652,牝,6,54,丸山真一,1:33.0,1,3-2-3,41.5,17.1,5,434,+5,[地]竹下太,辻祐二,9.6,C7組,2,ダ,右,1400,晴,良,11:00,2021年1月18日,名古屋,22,4,(定量)
3,5,5,ストロングヘヴン,2016103739,セ,5,56,今井貴大,1:33.0,ハナ,7-6-2,41.1,2.9,2,529,-2,[地]榎屋充,山本国広,5.4,C7組,2,ダ,右,1400,晴,良,11:00,2021年1月18日,名古屋,22,4,(定量)
4,8,8,シシャモムスメ,2014103721,牝,7,54,柿原翔,1:33.7,3,6-7-5,41.7,18.6,6,446,+4,[地]角田輝也,西川剛,3.6,C7組,2,ダ,右,1400,晴,良,11:00,2021年1月18日,名古屋,22,4,(定量)
5,3,3,スペースファルコン,2015104350,牡,6,56,筒井勇介,1:34.0,1.1/2,4-3-4,42.5,7.1,3,501,-5,[地]坂口義幸,星野隆男,2.4,C7組,2,ダ,右,1400,晴,良,11:00,2021年1月18日,名古屋,22,4,(定量)
6,6,6,アーバン,2015101470,牡,6,56,加藤利征,1:34.3,1.1/2,9-9-7,41.5,139.9,9,480,+18,[地]栗田和昌,（同）ＪＰＮ技研,,C7組,2,ダ,右,1400,晴,良,11:00,2021年1月18日,名古屋,22,4,(定量)
7,4,4,ウォータージョイ,2017105800,牡,4,56,友森翔太,1:34.4,1/2,8-8-9,41.6,21.9,7,480,-9,[地]塚田隆男,山岡良一,,C7組,2,ダ,右,1400,晴,良,11:00,2021年1月18日,名古屋,22,4,(定量)
8,2,2,スノープロー,2017101933,牝,4,54,水野翔,1:34.6,1,5-5-6,42.9,26.8,8,475,-3,[地]坂口義幸,小山英隆,,C7組,2,ダ,右,1400,晴,良,11:00,2021年1月18日,名古屋,22,4,(定量)
9,8,9,ショウリオウ,2017104255,牡,4,54,宮下瞳,1:37.5,大,2-4-8,46.0,7.6,4,470,+1,[地]植松則幸,（株）ファーストビ,,C7組,2,ダ,右,1400,晴,良,11:00,2021年1月18日,名古屋,22,4,(定量)
1,7,8,マルブツハーモニー,2017105903,牝,4,52,宮下瞳,1:30.9,,1-1-1,39.4,25.3,6,510,+4,[地]瀬戸口悟,大澤利久,30.0,C6組,3,ダ,右,1400,晴,良,11:30,2021年1月18日,名古屋,22,4,(定量)
2,7,7,アップビリオン,2017104602,牡,4,56,村上弘樹,1:32.0,5,8-7-3,38.4,2.2,1,488,0,[地]倉地学,増田兼良,9.6,C6組,3,ダ,右,1400,晴,良,11:30,2021年1月18日,名古屋,22,4,(定量)
3,6,6,レヴィオーサ,2017105235,牡,4,56,大畑雅章,1:32.2,1.1/2,2-2-2,40.2,2.7,2,481,-5,[地]角田輝也,佐々木主浩,5.4,C6組,3,ダ,右,1400,晴,良,11:30,2021年1月18日,名古屋,22,4,(定量)
4,8,10,トレゾア,2017102797,牡,4,56,加藤聡一,1:32.5,1.1/2,4-4-5,39.5,9.8,4,472,0,[地]角田輝也,永田和彦,3.6,C6組,3,ダ,右,1400,晴,良,11:30,2021年1月18日,名古屋,22,4,(定量)
5,3,3,ペイシャバレー,2017105755,牝,4,54,水野翔,1:33.0,2.1/2,6-5-4,40.0,6.6,3,451,-7,[地]坂口義幸,谷謙介,2.4,C6組,3,ダ,右,1400,晴,良,11:30,2021年1月18日,名古屋,22,4,(定量)
6,1,1,ミスターサンライズ,2017103950,牡,4,56,岡部誠,1:33.3,1.1/2,5-6-6,40.2,11.0,5,464,+4,[地]角田輝也,古賀和夫,,C6組,3,ダ,右,1400,晴,良,11:30,2021年1月18日,名古屋,22,4,(定量)
7,8,9,ホウオウスティング,2016101266,牡,5,56,戸部尚実,1:33.8,2.1/2,9-9-10,39.9,93.0,8,467,+7,[地]植松則幸,（株）ファーストビ,,C6組,3,ダ,右,1400,晴,良,11:30,2021年1月18日,名古屋,22,4,(定量)
8,2,2,タニマサキング,2014100282,セ,7,56,藤原良一,1:34.0,1,7-8-8,40.3,183.8,10,411,+4,[地]櫻井今朝,谷正之,,C6組,3,ダ,右,1400,晴,良,11:30,2021年1月18日,名古屋,22,4,(定量)
9,5,5,ステイサム,2016102277,牡,5,53,細川智史,1:34.3,1.1/2,10-10-9,40.1,32.3,7,454,0,[地]植松則幸,（株）ファーストビ,,C6組,3,ダ,右,1400,晴,良,11:30,2021年1月18日,名古屋,22,4,(定量)
10,4,4,ストロングバング,2017102302,牡,4,56,山田祥雄,1:34.8,2.1/2,3-3-7,41.9,137.6,9,473,-6,[地]竹下直人,森哲,,C6組,3,ダ,右,1400,晴,良,11:30,2021年1月18日,名古屋,22,4,(定量)
1,2,2,フチサンメルチャン,2017100922,牡,4,56,戸部尚実,1:31.0,,1-1-1,40.3,1.7,1,479,+6,[地]角田輝也,中西功,30.0,C5組,4,ダ,右,1400,晴,良,12:00,2021年1月18日,名古屋,22,4,(定量)
2,3,3,ルーレットエルフ,2017100905,牡,4,56,今井貴大,1:31.4,2,2-2-2,40.6,3.9,3,500,-2,[地]竹下直人,（有）槇本牧場,9.6,C5組,4,ダ,右,1400,晴,良,12:00,2021年1月18日,名古屋,22,4,(定量)
3,8,9,ケンシ,2017101962,牡,4,56,岡部誠,1:32.6,6,6-6-3,40.5,3.8,2,481,-9,[地]安部幸夫,玉田博志,5.4,C5組,4,ダ,右,1400,晴,良,12:00,2021年1月18日,名古屋,22,4,(定量)
4,7,7,ロンギングファロー,2015104489,セ,6,53,細川智史,1:33.5,4,10-10-9,39.2,193.0,10,489,+3,[地]井上正,（同）ＪＰＮ技研,3.6,C5組,4,ダ,右,1400,晴,良,12:00,2021年1月18日,名古屋,22,4,(定量)
5,7,8,コマジオウ,2017100646,牝,4,54,山田祥雄,1:34.1,3,5-5-6,42.5,17.3,5,489,+1,[地]藤ヶ崎一,仲尾正人,2.4,C5組,4,ダ,右,1400,晴,良,12:00,2021年1月18日,名古屋,22,4,(定量)
6,5,5,チケットトゥライド,2014102473,牡,7,56,加藤聡一,1:34.7,3,8-8-7,42.2,117.8,8,487,+2,[地]原口次夫,松岡研司,,C5組,4,ダ,右,1400,晴,良,12:00,2021年1月18日,名古屋,22,4,(定量)
7,6,6,スターオブザサウス,2017104723,牡,4,56,藤原良一,1:35.2,2.1/2,7-7-8,42.7,147.9,9,496,-4,[地]井上正,（同）ＪＰＮ技研,,C5組,4,ダ,右,1400,晴,良,12:00,2021年1月18日,名古屋,22,4,(定量)
8,4,4,タマモキラメキ,2016105564,牝,5,54,村上弘樹,1:35.3,クビ,4-4-5,44.0,13.7,4,474,+3,[地]角田輝也,永野雄介,,C5組,4,ダ,右,1400,晴,良,12:00,2021年1月18日,名古屋,22,4,(定量)
9,1,1,ドゥクス,2016101519,牝,5,52,木之前葵,1:35.4,1/2,3-3-4,44.2,66.2,6,486,+3,[地]荒巻透,シグラップ・マネジメ,,C5組,4,ダ,右,1400,晴,良,12:00,2021年1月18日,名古屋,22,4,(定量)
10,8,10,エスペランサスカイ,2015102830,牡,6,56,大畑雅章,1:35.6,3/4,9-9-10,41.9,80.2,7,465,-5,[地]植松則幸,伊藤雅康,,C5組,4,ダ,右,1400,晴,良,12:00,2021年1月18日,名古屋,22,4,(定量)
1,7,7,ユーバーファル,2016102554,牡,5,56,今井貴大,1:31.5,,1-1-1,39.2,3.2,2,521,0,[地]竹下直人,吉山藤雄,30.0,C4組,5,ダ,右,1400,晴,良,12:30,2021年1月18日,名古屋,22,4,(定量)
2,6,6,キングズジェム,2017101106,牡,4,56,加藤聡一,1:32.7,6,5-5-2,39.7,3.2,1,457,+2,[地]原口次夫,加藤千豊,9.6,C4組,5,ダ,右,1400,晴,良,12:30,2021年1月18日,名古屋,22,4,(定量)
3,8,9,ゴラッソゴール,2017102061,牡,4,56,加藤利征,1:33.1,2,2-2-4,40.5,6.4,4,486,+2,[地]錦見勇夫,錦見日出雄,5.4,C4組,5,ダ,右,1400,晴,良,12:30,2021年1月18日,名古屋,22,4,(定量)
4,8,10,ヴァイスジーニー,2014110003,セ,7,53,細川智史,1:33.4,1.1/2,3-3-3,40.7,4.0,3,521,-8,[地]植松則幸,（株）ファーストビ,3.6,C4組,5,ダ,右,1400,晴,良,12:30,2021年1月18日,名古屋,22,4,(定量)
5,2,2,グレートブレス,2012102766,牡,9,56,大畑雅章,1:33.4,ハナ,6-6-5,40.2,12.7,5,508,-5,[地]今津勝之,（同）ＪＰＮ技研,2.4,C4組,5,ダ,右,1400,晴,良,12:30,2021年1月18日,名古屋,22,4,(定量)
6,1,1,コトブキポインター,2015103962,牡,6,56,加藤誓二,1:33.9,2.1/2,10-10-8,39.5,110.8,10,437,0,[地]櫻井今朝,上田力,,C4組,5,ダ,右,1400,晴,良,12:30,2021年1月18日,名古屋,22,4,(定量)
7,3,3,ネオセラフ,2017102684,牝,4,54,水野翔,1:34.0,1/2,8-8-7,40.2,76.1,9,475,-2,[地]櫻井今朝,橘勝年,,C4組,5,ダ,右,1400,晴,良,12:30,2021年1月18日,名古屋,22,4,(定量)
8,4,4,ピンクリボン,2014101611,牝,7,54,柿原翔,1:34.2,1,9-9-10,40.1,35.8,8,439,-6,[地]角田輝也,山住俊晃,,C4組,5,ダ,右,1400,晴,良,12:30,2021年1月18日,名古屋,22,4,(定量)
9,5,5,ペイシャモカ,2015103477,牝,6,54,岡部誠,1:34.2,クビ,4-4-6,41.2,18.5,6,486,+6,[地]井手上慎,中野善之,,C4組,5,ダ,右,1400,晴,良,12:30,2021年1月18日,名古屋,22,4,(定量)
10,7,8,ノットソーキュート,2016104918,牝,5,52,宮下瞳,1:34.6,2,7-7-9,41.1,23.0,7,457,+1,[地]櫻井今朝,遠藤喜和,,C4組,5,ダ,右,1400,晴,良,12:30,2021年1月18日,名古屋,22,4,(定量)
1,8,9,ザサンアップライト,2017103271,牡,4,56,村上弘樹,1:31.3,,1-1-1,39.4,1.3,1,444,+2,[地]角田輝也,福原聡,30.0,C3組,6,ダ,右,1400,晴,良,13:05,2021年1月18日,名古屋,22,4,(定量)
2,3,3,ミスマチルダ,2017100495,牝,4,52,宮下瞳,1:32.2,4,3-3-3,39.9,45.3,7,462,+7,[地]井手上慎,吉田勝利,9.6,C3組,6,ダ,右,1400,晴,良,13:05,2021年1月18日,名古屋,22,4,(定量)
3,6,6,メイショウノリムネ,2017105793,牡,4,56,岡部誠,1:32.2,クビ,4-4-4,39.6,5.8,2,504,+2,[地]藤ヶ崎一,伊藤彰敏,5.4,C3組,6,ダ,右,1400,晴,良,13:05,2021年1月18日,名古屋,22,4,(定量)
4,2,2,ステイタス,2015105169,セ,6,56,加藤聡一,1:32.3,クビ,7-7-5,38.6,7.1,3,510,+1,[地]角田輝也,（株）ニッシンホー,3.6,C3組,6,ダ,右,1400,晴,良,13:05,2021年1月18日,名古屋,22,4,(定量)
5,8,10,モズラフランス,2017100951,牡,4,54,木之前葵,1:32.5,1.1/2,2-2-2,40.5,12.1,4,479,+5,[地]荒巻透,木村良明,2.4,C3組,6,ダ,右,1400,晴,良,13:05,2021年1月18日,名古屋,22,4,(定量)
6,1,1,テディボーイ,2016103282,牡,5,53,細川智史,1:32.8,1.1/2,10-10-10,38.3,52.4,8,467,-3,[地]藤ヶ崎一,片岡信賢,,C3組,6,ダ,右,1400,晴,良,13:05,2021年1月18日,名古屋,22,4,(定量)
7,5,5,デルマタスケ,2013100867,牡,8,56,柿原翔,1:33.3,2.1/2,9-9-7,39.3,141.5,9,472,+2,[地]藤ヶ崎一,山野雄,,C3組,6,ダ,右,1400,晴,良,13:05,2021年1月18日,名古屋,22,4,(定量)
8,4,4,スカーレットベガ,2016110100,牝,5,54,加藤誓二,1:33.4,クビ,5-5-6,40.1,155.2,10,428,+1,[地]荒巻透,稲葉光昭,,C3組,6,ダ,右,1400,晴,良,13:05,2021年1月18日,名古屋,22,4,(定量)
9,7,8,トミケンプラセール,2017103417,セ,4,56,戸部尚実,1:33.5,3/4,8-8-9,39.5,23.8,5,435,+8,[地]瀬戸口悟,小橋亮太,,C3組,6,ダ,右,1400,晴,良,13:05,2021年1月18日,名古屋,22,4,(定量)
10,7,7,フリーゴーイング,2014102456,牡,7,56,大畑雅章,1:34.0,2.1/2,6-6-8,40.6,42.4,6,481,+1,[地]錦見勇夫,山本忍,,C3組,6,ダ,右,1400,晴,良,13:05,2021年1月18日,名古屋,22,4,(定量)
1,7,8,トーセンウエーブ,2017104383,牡,4,56,丸山真一,1:32.4,,6-5-1,39.6,26.6,7,433,+2,[地]坂口義幸,橘勝年,32.0,C2組,7,ダ,右,1400,晴,良,13:40,2021年1月18日,名古屋,22,4,(定量)
2,3,3,フューリー,2017102113,牡,4,56,岡部誠,1:32.8,2,5-6-5,39.9,3.3,2,505,+1,[地]藤ヶ崎一,伊藤彰敏,10.2,C2組,7,ダ,右,1400,晴,良,13:40,2021年1月18日,名古屋,22,4,(定量)
3,1,1,アップショウ,2016100876,牝,5,54,加藤聡一,1:32.8,クビ,10-9-6,39.2,8.3,4,465,+5,[地]倉地学,田口順子,5.8,C2組,7,ダ,右,1400,晴,良,13:40,2021年1月18日,名古屋,22,4,(定量)
4,4,4,タッシールフィーナ,2017103535,牝,4,52,木之前葵,1:33.1,1.1/2,1-1-3,40.7,2.9,1,518,-1,[地]錦見勇夫,錦見日出雄,3.8,C2組,7,ダ,右,1400,晴,良,13:40,2021年1月18日,名古屋,22,4,(定量)
5,2,2,ラントカルテ,2015104193,牡,6,56,今井貴大,1:33.2,クビ,9-10-9,39.5,39.0,9,458,0,[地]倉地学,小林伸幸,2.6,C2組,7,ダ,右,1400,晴,良,13:40,2021年1月18日,名古屋,22,4,(定量)
6,7,7,グリフレット,2014105393,牡,7,54,宮下瞳,1:33.6,2,3-4-6,40.9,3.8,3,438,-7,[地]井手上慎,原口厚三,,C2組,7,ダ,右,1400,晴,良,13:40,2021年1月18日,名古屋,22,4,(定量)
7,5,5,マイネルソノリティ,2014100695,牡,7,56,大畑雅章,1:33.7,1/2,7-7-8,40.6,12.8,5,462,0,[地]井手上慎,吉川恭平,,C2組,7,ダ,右,1400,晴,良,13:40,2021年1月18日,名古屋,22,4,(定量)
8,6,6,ルッキングフライ,2016105521,牡,5,56,戸部尚実,1:33.8,1/2,2-2-2,41.3,19.0,6,456,+1,[地]櫻井今朝,尼崎信,,C2組,7,ダ,右,1400,晴,良,13:40,2021年1月18日,名古屋,22,4,(定量)
9,8,9,グラスピエーナ,2017103351,牝,4,54,柿原翔,1:33.8,ハナ,8-8-10,40.3,31.3,8,444,+1,[地]竹下太,後藤武久,,C2組,7,ダ,右,1400,晴,良,13:40,2021年1月18日,名古屋,22,4,(定量)
10,8,10,カルチョ,2015106399,牝,6,54,山田祥雄,1:34.2,2,3-3-4,41.7,77.8,10,425,-1,[地]植松則幸,伊藤雅康,,C2組,7,ダ,右,1400,晴,良,13:40,2021年1月18日,名古屋,22,4,(定量)
1,8,10,キャプテンドレイク,2017104852,牡,4,54,宮下瞳,1:45.6,,1-1-1,40.2,2.0,1,499,+2,[地]瀬戸口悟,谷掛龍夫,32.0,B9組,8,ダ,右,1600,晴,良,14:10,2021年1月18日,名古屋,22,4,(定量)
2,5,5,アースエヴェリーナ,2017100103,牝,4,54,渡辺竜也,1:46.0,2,7-7-2,39.5,13.8,4,477,+2,[地]今津勝之,小出水正男,10.2,B9組,8,ダ,右,1600,晴,良,14:10,2021年1月18日,名古屋,22,4,(定量)
3,7,8,ウルスラ,2017105076,牝,4,54,加藤聡一,1:46.5,2.1/2,6-6-6,40.4,2.5,2,414,+6,[地]今津博之,道地房男,5.8,B9組,8,ダ,右,1600,晴,良,14:10,2021年1月18日,名古屋,22,4,(定量)
4,3,3,ヴィーヴァラモーヌ,2016101602,牝,5,54,大畑雅章,1:47.6,5,4-3-4,41.9,25.4,6,421,+3,[地]今津勝之,芹澤精一,3.8,B9組,8,ダ,右,1600,晴,良,14:10,2021年1月18日,名古屋,22,4,(定量)
5,2,2,ジョウショーカード,2017101459,牡,4,56,戸部尚実,1:47.7,1/2,9-9-7,40.6,6.9,3,470,+2,[地]迫田清美,高橋治行,2.6,B9組,8,ダ,右,1600,晴,良,14:10,2021年1月18日,名古屋,22,4,(定量)
6,1,1,アニヴェルセル,2016106130,牝,5,54,山田祥雄,1:48.0,1.1/2,8-8-8,40.9,30.7,7,455,+4,[地]坂口義幸,結城喜一,,B9組,8,ダ,右,1600,晴,良,14:10,2021年1月18日,名古屋,22,4,(定量)
7,4,4,ライブリーハピネス,2016101897,牝,5,54,水野翔,1:48.2,1.1/2,5-4-5,42.4,38.4,8,446,+13,[地]成田明,加藤哲郎,,B9組,8,ダ,右,1600,晴,良,14:10,2021年1月18日,名古屋,22,4,(定量)
8,8,9,ペイシャエスティマ,2016103935,牝,5,54,藤原良一,1:48.3,1/2,3-2-3,42.7,166.2,10,423,-1,[地]伊藤勝己,太田雅貴,,B9組,8,ダ,右,1600,晴,良,14:10,2021年1月18日,名古屋,22,4,(定量)
9,7,7,フィップル,2014106289,牝,7,52,木之前葵,1:49.1,4,10-10-10,41.2,112.9,9,467,-5,[地]今津勝之,（同）ＪＰＮ技研,,B9組,8,ダ,右,1600,晴,良,14:10,2021年1月18日,名古屋,22,4,(定量)
10,6,6,ナガラリバー,2015103035,牝,6,54,岡部誠,1:50.4,6,2-5-9,44.5,24.4,5,447,+2,[地]倉地学,稲垣誠,,B9組,8,ダ,右,1600,晴,良,14:10,2021年1月18日,名古屋,22,4,(定量)
1,3,3,ミラクルキャッシュ,2017101422,牡,4,56,吉井友彦,1:31.9,,1-1-1,40.2,4.5,3,519,+2,[地]井上哲,近藤英二,32.0,B8組,9,ダ,右,1400,晴,良,14:45,2021年1月18日,名古屋,22,4,(定量)
2,6,6,アウトラン,2016105895,牝,5,54,柿原翔,1:32.4,2.1/2,7-7-7,39.2,138.0,10,481,-1,[地]藤ヶ崎一,上田力,10.2,B8組,9,ダ,右,1400,晴,良,14:45,2021年1月18日,名古屋,22,4,(定量)
3,2,2,アングレーム,2015104803,牝,6,54,岡部誠,1:32.4,ハナ,4-3-2,40.3,2.0,1,455,+1,[地]藤ヶ崎一,片岡信賢,5.8,B8組,9,ダ,右,1400,晴,良,14:45,2021年1月18日,名古屋,22,4,(定量)
4,7,7,ウインランウェイ,2017105943,牡,4,56,渡辺竜也,1:32.7,1.1/2,5-6-3,40.1,5.0,4,458,-1,[地]藤ヶ崎一,鈴木重夫,3.8,B8組,9,ダ,右,1400,晴,良,14:45,2021年1月18日,名古屋,22,4,(定量)
5,5,5,エムティーカイザ,2016105642,牡,5,56,今井貴大,1:33.2,2.1/2,6-5-5,40.7,65.9,7,506,-3,[地]宮本仁,蜂須賀重夫,2.6,B8組,9,ダ,右,1400,晴,良,14:45,2021年1月18日,名古屋,22,4,(定量)
6,8,9,オースタラ,2014101957,牝,7,54,山田祥雄,1:33.4,1,2-2-4,41.5,23.6,5,486,+3,[地]角田輝也,永田和彦,,B8組,9,ダ,右,1400,晴,良,14:45,2021年1月18日,名古屋,22,4,(定量)
7,8,10,アークダイヤ,2016101833,牝,5,54,友森翔太,1:33.5,クビ,8-8-8,40.0,112.4,9,431,+1,[地]坂口義幸,ＡＨＣ（株）,,B8組,9,ダ,右,1400,晴,良,14:45,2021年1月18日,名古屋,22,4,(定量)
8,1,1,エスペレラヴニール,2014103985,牝,7,51,細川智史,1:33.5,ハナ,3-4-6,41.4,26.8,6,467,-3,[地]原口次夫,近藤聡明,,B8組,9,ダ,右,1400,晴,良,14:45,2021年1月18日,名古屋,22,4,(定量)
9,4,4,クールレオ,2014103339,牝,7,54,加藤利征,1:33.6,1/2,9-9-9,39.9,77.6,8,434,-1,[地]錦見勇夫,（有）大勇,,B8組,9,ダ,右,1400,晴,良,14:45,2021年1月18日,名古屋,22,4,(定量)
10,7,8,コスモポルベーラ,2016100754,牡,5,54,宮下瞳,1:34.7,5,10-10-10,40.9,4.5,2,430,-1,[地]藤ヶ崎一,山室哲也,,B8組,9,ダ,右,1400,晴,良,14:45,2021年1月18日,名古屋,22,4,(定量)
1,7,8,エベレストテソーロ,2016100646,牡,5,56,加藤利征,1:46.4,,7-6-3,40.7,6.3,3,481,+5,[地]錦見勇夫,福岡隆史,32.0,マンリョウ賞,10,ダ,右,1600,晴,良,15:15,2021年1月18日,名古屋,22,4,(定量)
2,3,3,プリンセスダズリン,2017101620,牝,4,54,戸部尚実,1:46.6,3/4,8-8-7,40.1,37.4,5,486,+4,[地]塚田隆男,古賀和夫,10.2,マンリョウ賞,10,ダ,右,1600,晴,良,15:15,2021年1月18日,名古屋,22,4,(定量)
3,5,5,プリンスオブジオン,2017100654,牡,4,56,岡部誠,1:46.6,クビ,1-1-1,41.3,1.6,1,451,+2,[地]井手上慎,鮎川福道,5.8,マンリョウ賞,10,ダ,右,1600,晴,良,15:15,2021年1月18日,名古屋,22,4,(定量)
4,4,4,セイエスコート,2017101051,牡,4,56,水野翔,1:47.0,2,5-3-2,41.5,2.9,2,497,-1,[地]安部幸夫,金田成基,3.8,マンリョウ賞,10,ダ,右,1600,晴,良,15:15,2021年1月18日,名古屋,22,4,(定量)
5,2,2,ニュークラウン,2014105489,牝,7,54,柿原翔,1:47.1,1/2,10-9-9,40.2,68.5,8,475,-3,[地]藤ヶ崎一,永山和夫,2.6,マンリョウ賞,10,ダ,右,1600,晴,良,15:15,2021年1月18日,名古屋,22,4,(定量)
6,8,11,マーナガルム,2015105047,牡,6,54,宮下瞳,1:47.5,2,9-10-10,40.6,46.6,7,476,+2,[地]竹口勝利,（同）ＪＰＮ技研,,マンリョウ賞,10,ダ,右,1600,晴,良,15:15,2021年1月18日,名古屋,22,4,(定量)
7,8,10,ボナリー,2015105213,牝,6,54,横井将人,1:47.7,1,6-7-6,41.9,82.9,9,449,-1,[地]安部幸夫,（同）ＪＰＮ技研,,マンリョウ賞,10,ダ,右,1600,晴,良,15:15,2021年1月18日,名古屋,22,4,(定量)
8,1,1,ソトコマタ,2015104015,牝,6,54,丸山真一,1:47.7,ハナ,3-5-5,42.0,37.6,6,448,+3,[地]坂口義幸,谷謙介,,マンリョウ賞,10,ダ,右,1600,晴,良,15:15,2021年1月18日,名古屋,22,4,(定量)
9,6,7,ショーンガウアー,2015105018,セ,6,56,加藤聡一,1:47.8,1/2,4-4-4,42.2,22.3,4,493,+3,[地]竹下直人,（株）ファーストビ,,マンリョウ賞,10,ダ,右,1600,晴,良,15:15,2021年1月18日,名古屋,22,4,(定量)
10,6,6,スズカモンド,2016109083,牡,5,56,藤原良一,1:48.3,2.1/2,2-2-8,42.9,95.0,10,504,-2,[地]坂口義幸,永井宏明,,マンリョウ賞,10,ダ,右,1600,晴,良,15:15,2021年1月18日,名古屋,22,4,(定量)
取,7,9,シンボリジョーク,2016101427,牡,5,56,友森翔太,,,,,---,,,,[地]塚田隆男,早田敬子,,マンリョウ賞,10,ダ,右,1600,晴,良,15:15,2021年1月18日,名古屋,22,4,(定量)
1,6,7,キーグラウンド,2014100464,牡,7,54,宮下瞳,1:44.4,,4-4-2,40.1,1.4,1,522,+4,[地]川西毅,北前孔一郎,70.0,まんさく特別 ,11,ダ,右,1600,晴,良,15:50,2021年1月18日,名古屋,22,4,(別定)
2,4,4,スマートサーブル,2016101398,牡,5,56,丸山真一,1:44.8,2,9-9-3,39.6,30.0,5,482,+1,[地]竹下直人,（株）ファーストビ,22.4,まんさく特別 ,11,ダ,右,1600,晴,良,15:50,2021年1月18日,名古屋,22,4,(別定)
3,8,11,ルビーロマン,2015103725,牡,6,56,今井貴大,1:44.9,1/2,5-5-1,40.3,10.0,3,509,+1,[地]竹下直人,大島栄一,12.6,まんさく特別 ,11,ダ,右,1600,晴,良,15:50,2021年1月18日,名古屋,22,4,(別定)
4,5,5,ペイシャブルー,2014102280,牝,7,54,大畑雅章,1:45.4,2.1/2,10-10-9,40.1,58.8,8,439,-1,[地]迫田清美,小林哲弘,8.4,まんさく特別 ,11,ダ,右,1600,晴,良,15:50,2021年1月18日,名古屋,22,4,(別定)
5,3,3,リリーマイスター,2015105511,牡,6,54,木之前葵,1:45.4,クビ,12-11-8,40.0,60.3,9,529,-2,[地]榎屋充,蟹江知彦,5.6,まんさく特別 ,11,ダ,右,1600,晴,良,15:50,2021年1月18日,名古屋,22,4,(別定)
6,5,6,ニシノライリー,2016102875,牝,5,54,加藤聡一,1:45.5,クビ,3-3-4,41.2,84.8,10,509,-8,[地]坂口義幸,太田雅貴,,まんさく特別 ,11,ダ,右,1600,晴,良,15:50,2021年1月18日,名古屋,22,4,(別定)
7,6,8,エイシンミコノス,2013103280,牡,8,56,村上弘樹,1:45.7,1,7-8-6,40.7,39.2,6,546,-13,[地]今津博之,林由真,,まんさく特別 ,11,ダ,右,1600,晴,良,15:50,2021年1月18日,名古屋,22,4,(別定)
8,7,10,オンワードマリー,2015100357,牝,6,54,岡部誠,1:45.8,クビ,6-6-10,41.0,4.5,2,441,-1,[地]宮本仁,中嶋隆,,まんさく特別 ,11,ダ,右,1600,晴,良,15:50,2021年1月18日,名古屋,22,4,(別定)
9,1,1,トロハ,2016104221,牝,5,54,水野翔,1:45.9,クビ,11-12-12,40.4,12.6,4,495,-3,[地]塚田隆男,橋元勇氣,,まんさく特別 ,11,ダ,右,1600,晴,良,15:50,2021年1月18日,名古屋,22,4,(別定)
10,7,9,カレドヴルフ,2014106156,牡,7,56,柿原翔,1:46.7,4,8-7-11,41.8,162.4,12,501,-3,[地]角田輝也,永田和彦,,まんさく特別 ,11,ダ,右,1600,晴,良,15:50,2021年1月18日,名古屋,22,4,(別定)
11,2,2,ウエスタンラムール,2012102708,牡,9,56,渡辺竜也,1:48.0,6,2-2-5,44.0,130.7,11,476,-3,[地]宮本仁,蜂須賀重夫,,まんさく特別 ,11,ダ,右,1600,晴,良,15:50,2021年1月18日,名古屋,22,4,(別定)
12,8,12,モズオラクル,2015106055,牡,6,56,横井将人,1:48.3,1.1/2,1-1-7,44.3,42.7,7,508,-1,[地]安部幸夫,木村良明,,まんさく特別 ,11,ダ,右,1600,晴,良,15:50,2021年1月18日,名古屋,22,4,(別定)
1,3,3,シンゼンハッピー,2017106684,牡,4,56,村上弘樹,2:01.6,,7-7-5,38.6,8.1,4,505,-3,[地]角田輝也,原司郎,37.0,七里の渡し特別 ,12,ダ,右,1800,晴,良,16:25,2021年1月18日,名古屋,22,4,(定量)
2,7,8,アンストッパブル,2017106226,セ,4,56,加藤聡一,2:01.9,1.1/2,4-4-3,39.9,9.5,5,470,+1,[地]角田輝也,（株）吉澤ステーブ,11.8,七里の渡し特別 ,12,ダ,右,1800,晴,良,16:25,2021年1月18日,名古屋,22,4,(定量)
3,8,9,ノビルメンテ,2017102839,牝,4,54,大畑雅章,2:02.1,3/4,3-3-4,40.1,5.7,3,469,+1,[地]塚田隆男,橋元勇氣,6.7,七里の渡し特別 ,12,ダ,右,1800,晴,良,16:25,2021年1月18日,名古屋,22,4,(定量)
4,7,7,シンゼンウイング,2017102933,セ,4,56,岡部誠,2:02.3,1,2-2-2,40.5,1.8,1,495,-3,[地]角田輝也,原司郎,4.4,七里の渡し特別 ,12,ダ,右,1800,晴,良,16:25,2021年1月18日,名古屋,22,4,(定量)
5,2,2,フェデネージュ,2017103996,牝,4,54,渡辺竜也,2:02.7,2,6-6-7,40.2,19.1,6,455,+1,[地]藤ヶ崎一,仲尾正人,3.0,七里の渡し特別 ,12,ダ,右,1800,晴,良,16:25,2021年1月18日,名古屋,22,4,(定量)
6,6,6,グラスコックピット,2017110047,牡,4,56,柿原翔,2:02.8,1/2,5-5-6,40.6,23.9,7,491,0,[地]倉地学,（株）ＭＲ,,七里の渡し特別 ,12,ダ,右,1800,晴,良,16:25,2021年1月18日,名古屋,22,4,(定量)
7,8,10,メルヘンステージ,2016103117,牝,5,54,水野翔,2:03.1,1.1/2,1-1-1,41.4,4.8,2,487,-8,[地]井手上慎,蜂須賀重夫,,七里の渡し特別 ,12,ダ,右,1800,晴,良,16:25,2021年1月18日,名古屋,22,4,(定量)
8,4,4,セユウスマート,2015109154,牡,6,56,藤原良一,2:05.1,大,9-9-9,40.5,110.5,9,447,+2,[地]櫻井今朝,遠藤喜和,,七里の渡し特別 ,12,ダ,右,1800,晴,良,16:25,2021年1月18日,名古屋,22,4,(定量)
9,5,5,ビップゼロワン,2016101371,セ,5,56,今井貴大,2:05.2,1/2,8-8-8,41.1,92.2,8,470,+6,[地]藤ヶ崎一,片岡信賢,,七里の渡し特別 ,12,ダ,右,1800,晴,良,16:25,2021年1月18日,名古屋,22,4,(定量)
取,1,1,キラビヤカ,2017101758,牝,4,52,宮下瞳,,,,,---,,,,[地]藤ヶ崎一,寒川太一,,七里の渡し特別 ,12,ダ,右,1800,晴,良,16:25,2021年1月18日,名古屋,22,4,(定量)
1,3,6,アドマイヤレビン,2018105333,牡,3,56,ルメール,1:12.8,,3-3,38.0,5.3,4,490,+12,[東]加藤征弘,近藤旬子,510.0,3歳未勝利,1,ダ,右,1200,曇,良,10:10,2021年1月17日,中山,1,6,3歳未勝利(混)(馬齢)
2,1,2,バルネージュ,2018103832,セ,3,56,木幡巧也,1:13.2,2.1/2,5-3,38.2,3.6,2,514,-2,[東]牧光二,手嶋康雄,200.0,3歳未勝利,1,ダ,右,1200,曇,良,10:10,2021年1月17日,中山,1,6,3歳未勝利(混)(馬齢)
3,3,5,カード,2018101437,牝,3,54,江田照男,1:13.3,1/2,3-2,38.5,2.9,1,456,+2,[東]清水英克,井高義光,130.0,3歳未勝利,1,ダ,右,1200,曇,良,10:10,2021年1月17日,中山,1,6,3歳未勝利(混)(馬齢)
4,8,16,ペルセウステソーロ,2018110069,牡,3,56,三浦皇成,1:14.2,5,1-1,39.8,4.0,3,460,+12,[東]畠山吉宏,了徳寺健二ホールディングス,77.0,3歳未勝利,1,ダ,右,1200,曇,良,10:10,2021年1月17日,中山,1,6,3歳未勝利(混)(馬齢)
5,1,1,アデウス,2018103973,牝,3,54,酒井学,1:14.2,アタマ,10-9,38.4,99.8,12,446,+4,[東]佐藤吉勝,平本敏夫,51.0,3歳未勝利,1,ダ,右,1200,曇,良,10:10,2021年1月17日,中山,1,6,3歳未勝利(混)(馬齢)
6,2,4,カミヤガルーラ,2018101749,牡,3,56,岩田望来,1:14.3,1/2,7-7,39.1,46.5,8,468,+2,[東]杉浦宏昭,佐藤悠大,,3歳未勝利,1,ダ,右,1200,曇,良,10:10,2021年1月17日,中山,1,6,3歳未勝利(混)(馬齢)
7,7,14,アルドゥマン,2018104174,牡,3,56,柴田大知,1:14.5,1,12-11,38.4,87.0,11,436,0,[東]南田美知,上田忠男,,3歳未勝利,1,ダ,右,1200,曇,良,10:10,2021年1月17日,中山,1,6,3歳未勝利(混)(馬齢)
8,4,7,タカイチラブ,2018101701,牡,3,56,北村宏司,1:14.5,アタマ,7-8,39.2,31.0,6,488,-4,[東]勢司和浩,高橋一郎,,3歳未勝利,1,ダ,右,1200,曇,良,10:10,2021年1月17日,中山,1,6,3歳未勝利(混)(馬齢)
9,7,13,クリスタルスワン,2018101499,牝,3,54,吉田豊,1:14.8,1.1/2,14-14,38.5,68.7,10,492,+6,[東]土田稔,岡田勇,,3歳未勝利,1,ダ,右,1200,曇,良,10:10,2021年1月17日,中山,1,6,3歳未勝利(混)(馬齢)
10,2,3,チャーチャンテン,2018103468,牝,3,51,小林脩斗,1:14.8,アタマ,10-11,39.0,47.1,9,402,0,[東]星野忍,田頭勇貴,,3歳未勝利,1,ダ,右,1200,曇,良,10:10,2021年1月17日,中山,1,6,3歳未勝利(混)(馬齢)
11,8,15,トーセンアーサー,2018105625,牡,3,56,宮崎北斗,1:14.9,1/2,5-6,39.9,24.1,5,532,-4,[東]中川公成,島川隆哉,,3歳未勝利,1,ダ,右,1200,曇,良,10:10,2021年1月17日,中山,1,6,3歳未勝利(混)(馬齢)
12,5,9,ハイパーミラクル,2018106060,牝,3,51,原優介,1:14.9,ハナ,2-3,40.2,37.0,7,404,0,[東]加藤士津,高橋宏弥,,3歳未勝利,1,ダ,右,1200,曇,良,10:10,2021年1月17日,中山,1,6,3歳未勝利(混)(馬齢)
13,6,11,リカバリーショット,2018106021,牡,3,56,的場勇人,1:15.4,3,12-13,39.3,163.2,15,494,+6,[東]的場均,吉田勝利,,3歳未勝利,1,ダ,右,1200,曇,良,10:10,2021年1月17日,中山,1,6,3歳未勝利(混)(馬齢)
14,4,8,キタノインスパイア,2018103397,牝,3,54,岩部純二,1:15.6,1.1/4,9-9,39.9,133.6,14,450,+8,[東]萱野浩二,北所直人,,3歳未勝利,1,ダ,右,1200,曇,良,10:10,2021年1月17日,中山,1,6,3歳未勝利(混)(馬齢)
15,6,12,オスマントルコ,2018101139,牡,3,56,丸田恭介,1:15.8,1.1/4,15-15,38.9,119.1,13,542,-2,[東]小手川準,福田光博,,3歳未勝利,1,ダ,右,1200,曇,良,10:10,2021年1月17日,中山,1,6,3歳未勝利(混)(馬齢)
16,5,10,サンチャタヌーガ,2018103821,牡,3,56,武士沢友,1:16.2,2.1/2,15-15,39.3,167.6,16,462,0,[東]杉浦宏昭,加藤ステーブル,,3歳未勝利,1,ダ,右,1200,曇,良,10:10,2021年1月17日,中山,1,6,3歳未勝利(混)(馬齢)
